--- Copying files at Fri 26 Feb 2021 01:48:57 PM UTC
--- Copying files at Fri 26 Feb 2021 02:20:18 PM UTC
--- Copying files at Mon 01 Mar 2021 04:53:23 PM UTC
--- Copying files at Mon 01 Mar 2021 06:08:49 PM UTC
--- Copying files at Mon 01 Mar 2021 07:45:05 PM UTC
--- Copying files at Tue 02 Mar 2021 10:25:52 AM UTC
--- Copying files at Tue 02 Mar 2021 01:35:10 PM UTC
--- Copying files at Tue 02 Mar 2021 02:43:45 PM UTC
--- Copying files at Tue 02 Mar 2021 04:58:17 PM UTC
--- Copying files at Tue 02 Mar 2021 04:59:48 PM UTC
--- Copying files at Tue 02 Mar 2021 05:00:58 PM UTC
--- Copying files at Sun 07 Mar 2021 08:43:37 PM UTC
--- Copying files at Sun 07 Mar 2021 08:46:10 PM UTC
--- Copying files at Sun 07 Mar 2021 08:48:09 PM UTC
--- Copying files at Mon 08 Mar 2021 01:56:24 PM UTC
--- Copying files at Mon 08 Mar 2021 06:09:06 PM UTC
--- Copying files at Mon 08 Mar 2021 06:29:43 PM UTC
